link,ctx,src,tp,count,dst[0],out[0]
/Top/go782,221,/Top/ArgFringe3,2,1,/Top/ComputeContainer778,/Top/gi811
/Top/go783,221,/Top/ArgFringe3,2,1,/Top/ComputeContainer773,/Top/gi794
/Top/go784,221,/Top/ArgFringe3,2,1,/Top/ComputeContainer775,/Top/gi800
/Top/go786,244,/Top/MemoryContainer225,2,4096,/Top/ComputeContainer776,/Top/gi804
/Top/go788,283,/Top/MemoryContainer264,1,4096,/Top/ComputeContainer776,/Top/gi803
/Top/go790,321,/Top/MemoryContainer302,1,65536,/Top/ComputeContainer779,/Top/gi814
/Top/go793,209,/Top/DRAMFringe772,2,256,/Top/MemoryContainer225,/Top/gi785
/Top/go795,210,/Top/ComputeContainer773,2,4,/Top/DRAMFringe772,/Top/gi791
/Top/go796,210,/Top/ComputeContainer773,2,4,/Top/DRAMFringe772,/Top/gi792
/Top/go799,213,/Top/DRAMFringe774,2,1024,/Top/MemoryContainer264,/Top/gi787
/Top/go801,214,/Top/ComputeContainer775,2,32,/Top/DRAMFringe774,/Top/gi797
/Top/go802,214,/Top/ComputeContainer775,2,32,/Top/DRAMFringe774,/Top/gi798
/Top/go805,216,/Top/ComputeContainer776,1,4096,/Top/MemoryContainer302,/Top/gi789
/Top/go810,217,/Top/DRAMFringe777,2,2048,/Top/ComputeContainer780,/Top/gi817
/Top/go812,218,/Top/ComputeContainer778,2,2048,/Top/DRAMFringe777,/Top/gi808
/Top/go813,218,/Top/ComputeContainer778,2,2048,/Top/DRAMFringe777,/Top/gi809
/Top/go815,219,/Top/ComputeContainer779,2,65536,/Top/DRAMFringe777,/Top/gi806
/Top/go816,219,/Top/ComputeContainer779,2,65536,/Top/DRAMFringe777,/Top/gi807
/Top/go818,220,/Top/ComputeContainer780,2,1,/Top/ArgFringe3,/Top/gi781
/Top/go6120,318,/Top/ComputeContainer6119,2,65536,/Top/MemoryContainer302,/Top/gi6122
/Top/go6121,318,/Top/ComputeContainer6119,1,65536,/Top/MemoryContainer302,/Top/gi6123
